"·         chloe,lottie,""Boys in our class are such boring losers."",January 18 at 8:23pm"
"·         lottie,chloe,I know, right? We need to find some real men out there.,January 18 at 8:33pm"
"·         chloe,lottie,Totally! Life would be so much more exciting with a real man.,January 18 at 8:40pm"
"·         lottie,chloe,OMG! I met this amazing guy tonight!,January 27 at 11:02pm"
"·         chloe,lottie,What?! When?!,January 27 at 11:06pm"
"·         lottie,chloe,""After you left, I was waiting for my ride and he was there!"",January 27 at 11:10pm"
"·         chloe,lottie,OMG!! Is he hot?!,January 27 at 11:14pm"
"·         lottie,chloe,So hot! Not like the boys at school! I'll tell you all about it tomorrow!,January 27 at 11:16pm"
"·         lottie,chloe,OMG! You know that guy from last night? He just sent me a friend request!,January 28 at 10:01am"
"·         chloe,lottie,OMG! What are you going to do?,January 28 at 10:04am"
"·         lottie,chloe,Accept it of course!,January 28 at 10:07am"
"·         chloe,lottie,Wow! How old is he?,January 28 at 10:10am"
"·         lottie,chloe,""18, but he only just turned 18 so he was allowed at the club last night. He actually looks a bit older though!"",January 28 at 10:12am"
"·         chloe,lottie,Did you see him in there?,January 28 at 10:15am"
"·         lottie,chloe,""I don't think so, but he must have been in there somewhere! Not sure how I missed him, he's really hot!!"",January 28 at 10:18am"
"·         chloe,lottie,Well it was kind of dark in there!,January 28 at 10:22am"
"·         jack,lottie,""Hey babe, did you get home okay last night?"",January 28 at 3:45pm"
"·         lottie,jack,Yes. Thanks for waiting for me until my ride showed up.,January 28 at 3:56pm"
"·         jack,lottie,It's fine :) What are you up to this weekend?,January 28 at 4:01pm"
"·         lottie,jack,I have to look after my little brother as my mom is at work. How about you?,January 28 at 4:10pm"
"·         jack,lottie,""Not much really, will probably see some mates later. Hey, maybe we could meet up sometime?"",January 28 at 4:13pm"
"·         lottie,jack,That would be fab.,January 28 at 4:20pm"
"·         jack,lottie,""Ok, I'll message you soon. It was great to meet you last night :)"",January 28 at 4:23pm"
"·         lottie,chloe,Jack sent me a message!,January 28 at 4:27pm"
"·         chloe,lottie,""Oooh, what did he say?"",January 28 at 4:35pm"
"·         lottie,chloe,He wanted to make sure I got back okay last night. He also asked if we can meet up!!!,January 28 at 4:39pm"
"·         chloe,lottie,OMG! What did you say?,January 28 at 4:43pm"
"·         lottie,chloe,""I said yes of course!! He is so nice, and so good looking! He's really mature too. Nothing like the boys at school."",January 28 at 4:50pm"
"·         chloe,lottie,""Yeah, well he is older so it's not surprising! It is exciting though! Where are you going to meet? What will you do? Are you nervous?!"",January 28 at 4:55pm"
"·         lottie,chloe,I'm not sure yet. But yes, I am kind of nervous. But really excited too!!,January 28 at 5:01pm"
"·         jack,lottie,Morning sleepy babe. How are you today?,January 29 at 9:55am"
"·         lottie,jack,""I'm good, how are you?"",January 29 at 10:05am"
"·         jack,lottie,I'm good. I've been thinking about you. Do you want to meet up on Wednesday?,January 29 at 10:07am"
"·         lottie,jack,Love to :) What time?,January 29 at 10:10am"
"·         jack,lottie,What time do you finish school?,January 29 at 10:12am"
"·         lottie,jack,3:30,January 29 at 10:16am"
"·         jack,lottie,Meet you in the rec at 4pm then?,January 29 at 10:18am"
"·         lottie,jack,Gr8.,January 29 at 10:20am"
"·         jack,lottie,See you then. I can't wait.,January 29 at 10:22am"
"·         lottie,chloe,""You won't believe this! Jack just asked me to meet up on Wednesday! We are going to the rec. I am so excited, but I'm really nervous. What if he doesn't like me? What if he thinks I'm a silly little kid?"",January 29 at 10:30am"
"·         chloe,lottie,""Eeek, that's so exciting! Why don't you glam up to look older?! I could do your eyeliner for you as I'm good at that!"",January 29 at 10:41am"
"·         lottie,chloe,That would be awesome! Thanks! Do you think it's a date?,January 29 at 10:45am"
"·         chloe,lottie,Yeah it must be?! What does your mom think?,January 29 at 10:48am"
"·         lottie,chloe,OMG. I haven't told mom. She's hardly ever here anyway!,January 29 at 10:55am"
"·         chloe,lottie,Won't she ask who he is on iSocialike?,January 29 at 10:58am"
"·         lottie,chloe,""Haha, no she doesn't use iSocialike! She doesn't have a clue!"",January 29 at 11:02am"
"·         chloe,lottie,That's lucky!,January 29 at 11:05am"
"·         lottie,chloe,Yep!,January 29 at 11:07am"
"·         jack,lottie,""Hi Lottie, need some company tonight? ;)"",January 30 at 6:04pm"
"·         lottie,jack,Are you offering?!,January 30 at 6:12pm"
"·         jack,lottie,Can I come round?,January 30 at 6:16pm"
"·         lottie,jack,""I would like you to, but I don't think mom would be happy as I'm babysitting. How are you?"",January 30 at 6:24pm"
"·         jack,lottie,""Pretty good thanks, how about you?"",January 30 at 6:32pm"
"·         lottie,jack,""I'm good, just a bit bored."",January 30 at 6:35pm"
"·         jack,lottie,I'm really looking forward to seeing you on Wednesday.,January 30 at 6:40pm"
"·         lottie,jack,Me too :), January 30 at 6:45pm"
"·         jack,lottie,Are you going to be wearing what you wore at the disco?!, January 30 at 6:49pm"
"·         lottie,jack,""LOL no, I'll be in my school uniform unfortunately. :/"", January 30 at 6:52pm"
"·         jack,lottie,Even better! ;), January 30 at 6:55pm"
"·         lottie,jack,""My mom's back, I've got to go. See you on Wednesday :)"", January 30 at 7:00pm"
"·         jack,lottie,""Bye babe, can't wait to see you."", January 30 at 7:03pm"
"·         lottie,chloe,OMG Jack messaged me earlier!, January 30 at 7:15pm"
"·         chloe,lottie,Yay! What did he say?, January 30 at 7:21pm"
"·         lottie,chloe,""He made a joke about coming round, then he said something about me looking good in my school uniform!"", January 30 at 7:25pm"
"·         chloe,lottie,That's a bit weird! But then a lot of older guys like girls in school uniform I've heard!, January 30 at 7:29pm"
"·         lottie,chloe,Lol it's not like he's really old though!, January 30 at 7:33pm"
"·         chloe,lottie,Yeah but still! Boys our age wouldn't say that., January 30 at 7:40pm"
"·         lottie,chloe,I can't wait to see him. He's being so flirty., January 30 at 7:43pm"
"·         chloe,lottie,That's so cool. I can't believe you've got an older guy interested in you. I'm so jealous!!, January 30 at 7:50pm"
"·         lottie,chloe,Maybe I should see if he has a friend for you?! ;), January 30 at 7:52pm"
"·         chloe,lottie,Sounds good!, January 30 at 7:55pm"
"·         jack,lottie,I had such a good time this afternoon. I wish we could have spent longer together., February 1 at 7:01pm"
"·         lottie,jack,""Me too. Sorry I had to leave, but mom doesn't like me staying out late."", February 1 at 7:15pm"
"·         jack,lottie,""I totally understand, I just wish I could be with you ALL the time."", February 1 at 7:19pm"
"·         lottie,jack,That's sweet., February 1 at 7:21pm"
"·         jack,lottie,Well I think you're really sweet. When can we meet up again?, February 1 at 7:25pm"
"·         lottie,jack,I'm not sure. Maybe the weekend?, February 1 at 7:28pm"
"·         jack,lottie,""How about Saturday? I really wanted to kiss you today, but I wasn't sure if you wanted me to."", February 1 at 7:33pm"
"·         lottie,jack,blushing, February 1 at 7:40pm"
"·         jack,lottie,So how about Saturday then? Can we make it a date for a kiss?, February 1 at 7:43pm"
"·         lottie,jack,Yes. I'd like that., February 1 at 7:49pm"
"·         jack,lottie,Great :) xxx, February 1 at 7:52pm"
"·         jack,lottie,""Hi Lottie, how are you? I can't stop thinking about (all) of you. I think you are amazing."", February 2 at 8:03pm"
"·         lottie,jack,I'm really good. I keep thinking about you too., February 2 at 8:10pm"
"·         jack,lottie,What sort of things are you thinking? I keep thinking about how pretty you are., February 2 at 8:14pm"
"·         lottie,jack,I'm blushing! Do you really think that?, February 2 at 8:22pm"
"·         jack,lottie,Of course. You are beautiful. I love your hair. Gorg!, February 2 at 8:26pm"
"·         lottie,jack,No one has ever said that to me before. Apart from my mom! lol, February 2 at 8:30pm"
"·         jack,lottie,Well it's the truth., February 2 at 8:35pm"
"·         lottie,jack,Thanks. I think you are great too., February 2 at 8:40pm"
"·         jack,lottie,That makes me really happy to know that., February 2 at 8:43pm"
"·         lottie,jack,:), February 2 at 8:46pm"
"·         lottie,chloe,OMG you won't believe this amazing message conversation I just had with Jack!, February 2 at 8:55pm"
"·         chloe,lottie,WHAT? What did he say?, February 2 at 9:01pm"
"·         lottie,chloe,He said I am really pretty and then he said I'm beautiful! <3, February 2 at 9:05pm"
"·         chloe,lottie,OMG! He must really like you!, February 2 at 9:07pm"
"·         lottie,chloe,Do you think?, February 2 at 9:11pm"
"·         chloe,lottie,Yeah! He wouldn't say it otherwise!! Do you like him too?, February 2 at 9:15pm"
"·         lottie,chloe,""Yeah, of course! He's mature and gorgeous! and really charming too."", February 2 at 9:18pm"
"·         chloe,lottie,I noticed!, February 2 at 9:23pm"
"·         jack,lottie,I'm really looking forward to seeing you tomorrow., February 3 at 7:45pm"
"·         lottie,jack,Me too!, February 3 at 7:55pm"
"·         jack,lottie,What shall we do?, February 3 at 8:01pm"
"·         lottie,jack,""I don't mind really, you choose :)"", February 3 at 8:08pm"
"·         jack,lottie,How about we grab a bite somewhere together?, February 3 at 8:12pm"
"·         lottie,jack,Sounds perfect., February 3 at 8:15pm"
"·         lottie,chloe,""Jack just messaged me, he is going to take me out to lunch tomorrow!!"", February 3 at 8:20pm"
"·         chloe,lottie,OMG that is sooo grown up! Boys at school would never do that. He must have loads of money!, February 3 at 8:25pm"
"·         lottie,chloe,""I know, it's great. He is so mature. He must have more money than boys at school too."", February 3 at 8:29pm"
"·         lottie,chloe,""I'm feeling a bit nervous cos I think I really like him, but he might expect a lot of me."", February 3 at 8:33pm"
"·         chloe,lottie,""Don't worry, it will be fine! Tell me all about it won't you tomorrow night online."", February 3 at 8:39pm"
"·         lottie,chloe,I hope you're right! Ok speak soon xxx, February 3 at 8:43pm"
"·         lottie,chloe,Taking this private as I don't want other people reading it!, February 5 at 8:48am"
"·         chloe,lottie,K, February 5 at 8:58am"
"·         lottie,chloe,I didn't tell mom about Jack. I don't want her to freak out about his age., February 5 at 9:02am"
"·         chloe,lottie,""You should probably tell her Lottie. She will probably find out some other way and then you'll get in trouble. He's only 4 years older, it's not that bad."", February 5 at 9:06am"
"·         lottie,chloe,How will she find out? As long as no one blabs it will be okay., February 5 at 9:09am"
"·         chloe,lottie,What about stuff online, February 5 at 9:12am"
"·         lottie,chloe,She doesn't use that stuff. She doesn't know how to! And she never uses my computer either., February 5 at 9:16am"
"·         chloe,lottie,""Ok, that's good then."", February 5 at 9:20am"
"·         lottie,chloe,""Yeah, I'm going to keep it a secret for a bit. Jack suggested it as he thinks mom will think he's too old."", February 5 at 9:22am"
"·         chloe,lottie,He's probably right., February 5 at 9:25am"
"·         lottie,chloe,Yep. We'll just see how things go., February 5 at 9:30am"
"·         chloe,lottie,Does he talk about his mom and dad? What do you know about his friends?, February 5 at 9:32am"
"·         lottie,chloe,He doesn't really talk about them. I think his friends went to uni so they moved away., February 5 at 9:38am"
"·         jack,lottie,Had such a great time yesterday. I wish I could see more of you., February 5 at 4:55pm"
"·         lottie,jack,I did too. How about we meet up next week?, February 5 at 4:59pm"
"·         jack,lottie,That wasn't quite what I meant ;), February 5 at 5:05pm"
"·         lottie,jack,What did you mean then?, February 5 at 5:10pm"
"·         jack,lottie,""I meant that I wish I could see more of your body, if you know what I mean... ;)"", February 5 at 5:15pm"
"·         lottie,jack,Oh I see! blushes, February 5 at 5:28pm"
"·         jack,lottie,So what do you say? Will you take some special pictures of yourself for me?, February 5 at 5:31pm"
"·         lottie,jack,Hmm I'm not sure. I'd feel embarrassed. What if someone else saw them?, February 5 at 5:45pm"
"·         jack,lottie,There's nothing to be embarrassed about. You are beautiful. I just really want to see what's under your clothes., February 5 at 5:48pm"
"·         lottie,jack,""Um, I'm not sure I'm ready..."", February 5 at 6:10pm"
"·         jack,lottie,""Ok, that's okay, but I just wanted to tell you what I wanted... Shall we meet up next week then? Are you free after school on Tuesday?"", February 5 at 6:12pm"
"·         lottie,jack,""Yes, I am. Where shall we meet?"", February 5 at 6:15pm"
"·         jack,lottie,How about the coffee shop round the corner from your school?, February 5 at 6:18pm"
"·         lottie,jack,""Yep ok, see you there about 4?"", February 5 at 6:22pm"
"·         jack,lottie,Perfect. Can't wait. Xxx, February 5 at 6:25pm"
"·         jamila,lottie,You're seeing Jack after school again? Didn't you only see him at the weekend?, February 7 at 8:28am"
"·         lottie,jamila,Yep but that was 3 whole days ago!, February 7 at 8:33am"
"·         jamila,lottie,Well can we hang out sometime this week then? Or maybe at the weekend?, February 7 at 8:35am"
"·         lottie,jamila,Of course! I can't do Saturday though as I'm seeing Jack., February 7 at 8:37am"
"·         jamila,lottie,AGAIN?, February 7 at 8:39am"
"·         lottie,jamila,Well he is my boyfriend. Of course I'm going to spend time with him!, February 7 at 8:40am"
"·         jamila,lottie,I suppose. See you in a bit., February 7 at 8:42am"
"·         louise,lottie,Looks like you had a great time with Jack after school! What did your mom say when you got home late?, February 7 at 5:58pm"
"·         lottie,louise,Yeah we had loads of fun. He's so gorgeous. Mom's out so she didn't know I came in late! Phew!, February 7 at 6:10pm"
"·         louise,lottie,That's lucky!, February 7 at 6:13pm"
"·         lottie,louise,""Yeah I know, as I still haven't told her about him. Jack thinks it's for the best, but I feel like I'm going to have to tell her sooner or later!"", February 7 at 6:17pm"
"·         louise,lottie,Lucky she doesn't use iSocialike then!, February 7 at 6:22pm"
"·         lottie,louise,I know!, February 7 at 6:25pm"
"·         jack,lottie,It was great seeing you today. I can't stop thinking about how cute you are. I really WANT you babe., February 7 at 7:58pm"
"·         lottie,jack,Aw that is really sweet! I had lots of fun today., February 7 at 8:20pm"
"·         jack,lottie,When can we get together again?, February 7 at 8:23pm"
"·         lottie,jack,The weekend?, February 7 at 8:26pm"
"·         jack,lottie,But that's ages away! :(, February 7 at 8:28pm"
"·         lottie,jack,""I know, but I can't risk staying out after school when mom's not working as she will ask me where I've been."", February 7 at 8:35pm"
"·         jack,lottie,:(, February 7 at 8:36pm"
"·         lottie,jack,I'm sorry :(, February 7 at 8:38pm"
"·         lottie,jack,My friends really want to meet you. They have heard so much about you! Can we all hang out together on Sat?, February 8 at 5:20pm"
"·         jack,lottie,Hmm I'm not sure. I like having you ALL to myself. Xx, February 8 at 5:45pm"
"·         lottie,jack,Ok. Soon though?, February 8 at 5:50pm"
"·         jack,lottie,Yeah maybe., February 8 at 6:01pm"
"·         lottie,chloe,""Sorry hun but Jack wants to spend Saturday together, just the two of us."", February 8 at 6:30pm"
"·         chloe,lottie,Oh that's a shame. Can we meet Sunday instead?, February 8 at 6:35pm"
"·         lottie,chloe,""Jack is always busy Sundays. He plays football. He's really into it, he switches his phone off and everything! He's in the Black Horse local league team."", February 8 at 6:40pm"
"·         chloe,lottie,That's weird. My bro is on that team and I don't think he knows Jack :/, February 8 at 6:43pm"
"·         lottie,chloe,I might be wrong about the team name....I can't really remember!, February 8 at 6:55pm"
"·         jack,lottie,""Was really nice chatting to you on the phone tonight. I like talking online, but I like hearing your voice better. I like seeing you EVEN BETTER! ;) xxx"", February 9 at 9:10pm"
"·         lottie,jack,Well you'll see me Saturday :), February 9 at 9:23pm"
"·         jack,lottie,""I can't wait to be able to see you and touch you. I miss you. Sweet dreams baby, dream of me! ;) xxx"", February 9 at 9:25pm"
"·         lottie,jack,I will. Night night xxx, February 9 at 9:30pm"
"·         jack,lottie,I can't wait to see you tomorrow. I mean really I can't wait. Can you send me some pics so I can see you right now?, February 10 at 8:35am"
"·         lottie,jack,I'm just on my way to school so I can't right now!, February 10 at 8:39am"
"·         jack,lottie,""Ok. How about when you get home then, and you are getting changed out of your uniform? ;)"", February 10 at 8:41am"
"·         jack,lottie,""Hey babe, have you taken any special pics just for me yet?"", February 10 at 4:01pm"
"·         lottie,jack,No I've just got in from school., February 10 at 4:10pm"
"·         jack,lottie,""Ok. Well when you get changed you can take some then. I want to see what you look like under your clothes ;) Send them to me via quicksnap as then they will be totally private. The message only lasts 10 seconds then gets deleted, so it will be for my eyes only. You are beautiful and I'm really missing you."", February 10 at 4:12pm"
"·         lottie,jack,I'm not sure. I'll think about it., February 10 at 4:22pm"
"·         jack,lottie,Ok babe. Just don't think too long. I don't think I can wait!, February 10 at 4:24pm"
"·         lottie,jack,""Hey gorgeous, are you going to send me those pics? I'll send you one of me if that would help make you feel more comfortable? You know you can trust me right? I really care about you. And remember it's just between us."", February 10 at 5:56pm"
"·         jack,lottie,Did you get my pic? Did you like it? I really want to see you now., February 10 at 6:15pm"
"·         lottie,jack,""Yes I got it. And yes, wow, I liked it. I'm just worried as I've never done this before."", February 10 at 6:30pm"
"·         jack,lottie,""Don't worry about a thing. I think you are amazing and I just really want to see some pics of you, that no one else has seen, as I'm really missing you xxxx"", February 10 at 6:31pm"
"·         jack,lottie,Sorry for putting that message up on your wall - I meant to send it privately. And now your friends have seen it., February 11 at 9:34am"
"·         lottie,jack,No it's ok. I like showing you off anyway! ;), February 11 at 9:39am"
"·         jack,lottie,That's cool with me! I'll see you soon for lunch :) xxx, February 11 at 9:41am"
"·         louise,lottie,""Hey Lottie. How are things? I saw you had been quicksnapping with Jack, I hope you weren't doing anything dodgy!"", February 12 at 10:45am"
"·         lottie,louise,Of course I wasn't!, February 12 at 10:49am"
"·         louise,lottie,I know he is older than us so I worry about you a bit., February 12 at 10:51am"
"·         lottie,louise,There's nothing to worry about! Jack is amazing! I really like him. I think he likes me too!, February 12 at 10:52am"
"·         louise,lottie,That's great. :) But be careful Lottie. Don't get carried away., February 12 at 10:54am"
"·         lottie,jack,""I just tried calling you but your phone was switched off :/ I just wanted to say wow, thanks so much for the card and present. Did you mean what you said in the card?"", February 14 at 7:35am"
"·         jack,lottie,Of course baby. I love you. I wish I could see all of you today. Maybe you could send me a pic of you wearing the necklace I gave you....and nothing else xxxx, February 14 at 9:05am"
"·         lottie,jack,I love you too. Maybe when I am alone I'll take some pics Xxx, February 14 at 9:14am"
"·         jack,lottie,That would be amazing :) xxx, February 14 at 9:19am"
"·         lottie,chloe,OMG! Did you see what Jack said on my post on Picturegram?!? He said he loves me!!! Do you think he means it or is he just joking around?, February 14 at 7:20pm"
"·         chloe,lottie,Wow that's so exciting!! He must mean it! He wouldn't say it otherwise! Especially not somewhere public like Picturegram., February 14 at 7:23pm"
"·         lottie,chloe,He put it in the card too! :) :) :), February 14 at 7:26pm"
"·         lottie,chloe,Eeek my mom saw the necklace that Jack sent to me and asked me who sent it!, February 15 at 8:12am"
"·         chloe,lottie,OMG! What did you say???, February 15 at 8:15am"
"·         lottie,chloe,I told her the truth. I thought that as me and Jack are serious now it's about time., February 15 at 8:18am"
"·         chloe,lottie,Wow! What did she say?, February 15 at 8:20am"
"·         lottie,chloe,""She was pretty shocked. She didn't say much, but she wants to meet him!"", February 15 at 8:21am"
"·         chloe,lottie,Wow! Good luck!, February 15 at 8:23am"
"·         lottie,jack,""Hi handsome, how are you? My mom saw the necklace you sent me yesterday and she wanted to know who sent it. I couldn't think of a lie so I told her the truth. :/ I hope that's ok. She really wants to meet you. She asked if you could come round for dinner on Friday?"", February 15 at 8:30am"
"·         jack,lottie,I don't know Lottie... I told you it was best if she didn't know about us., February 15 at 8:45am"
"·         lottie,jack,""I know you did, but I thought as we are serious now she needed to know. It will be much easier not having to keep a secret too. So will you come? I'm sure she will love you as much as I do xx"", February 15 at 8:48am"
"·         jack,lottie,""Ok, I'll be there."", February 15 at 8:52am"
"·         lottie,jack,Are you ok? You've been really quiet all day. Are you annoyed about meeting mom?, February 15 at 7:34pm"
"·         jack,lottie,I'm not annoyed. I just don't know if it will work out. I feel a bit funny about it., February 15 at 8:55pm"
"·         lottie,jack,I'm sorry :(, February 15 at 9:04pm"
"·         jack,lottie,It's ok. You can make it up to me by sending me those pics you promised me on Valentine's Day ;) I would love to see you wearing that necklace I bought you. I bet you look great in it xxx, February 15 at 9:12pm"
"·         lottie,jack,Ok. Shall I use quicksnap again?, February 15 at 9:16pm"
"·         jack,lottie,""Yep that's the safest way. Thanks babe, can't wait to see them xxx"", February 15 at 9:17pm"
"·         jack,lottie,You looked so amazing in those pics you sent last night babe. I went to bed dreaming of you xxx, February 16 at 8:01am"
"·         lottie,jack,I'm glad you liked them. I was nervous. When I sent them it came up with a message saying you had screenshotted them - why did you do that?, February 16 at 8:15am"
"·         jack,lottie,Relax! I just wanted to keep a copy of them so I could look at them whenever I want. I promise I won't show them to anyone else. I've password protected them on my computer.xx, February 16 at 8:23am"
"·         lottie,jack,Oh ok., February 16 at 8:27am"
"·         liam,lottie,""Hey Lottie. I was hanging out with some new friends today, and they were a bit creepy to be honest. They had all these photos of girls undressing. I thought I saw you in one of them - are you ok?"", February 18 at 7:15pm"
"·         lottie,liam,You must have made a mistake. It couldn't have been me., February 18 at 7:37pm"
"·         lottie,jack,Some guy told me that he thinks he saw pictures of me undressed. I'm really scared. They can't really be pictures of me can they?, February 18 at 7:45pm"
"·         jack,lottie,""No way. Don't worry babe, it must have been someone who looks like you. I would never show anyone photos of you. I don't want other people to see my girlfriend! Anyway you used quicksnap which doesn't save them."", February 18 at 8:03pm"
"·         lottie,jack,But what about the ones you screenshotted?!, February 18 at 8:04pm"
"·         jack,lottie,""I password protected them remember. No one else can see them, I promise. xxx"", February 18 at 8:07pm"
"·         liam,lottie,""Lottie I'm really worried about you. I was hanging out with those guys again and they had naked photos of girls this time. I'm really sure one of them was you. Have you taken any photos like that? The guys were really creepy. I'm not going to hang out with them again, I think they are bad news. You really need to be careful."", February 19 at 10:56am"
"·         lottie,liam,""I haven't taken any photos like that, it can't have been me. Just leave me alone ok?"", February 19 at 10:58am"
"·         jack,lottie,""Hi babe, are you ok? I haven't heard from you since Saturday."", February 20 at 4:55pm"
"·         jack,lottie,Lottie I'm really missing you. Please message me back. I love you xxxx, February 20 at 8:00pm"
"·         jack,lottie,Are you ok Lottie? You didn't reply to my messages or texts last night. I tried calling too., February 21 at 5:30pm"
"·         lottie,jack,""I'm ok, but I'm worried cos I got another message from that guy about photos. I feel really funny. I hate the thought of someone seeing photos of me like that. I'm really upset."", February 21 at 5:50pm"
"·         jack,lottie,""I know, it sucks, but you have nothing to worry about. He must have made a mistake."", February 21 at 5:54pm"
"·         chloe,lottie,What's going on Lottie? What was Jack's message about? He was pretty harsh to me., February 21 at 6:25pm"
"·         lottie,chloe,""Sorry about that. Don't worry though, it's fine."", February 21 at 6:28pm"
"·         lottie,jack,Please don't say anything else on my wall as my friends don't know about the photos. I just want to forget all about it. Please don't be rude to them either!, February 21 at 6:32pm"
"·         jack,lottie,I'm really sorry. I just got really mad as I don't like to see you upset. I'll make it up to you I promise xxx, February 21 at 6:35pm"
"·         chloe,lottie,Are you ok? Is everything ok with you and Jack? He isn't pressuring you into taking things further is he?, February 22 at 8:18am"
"·         lottie,chloe,No he isn't. Everything's fine. We are close though., February 22 at 8:22am"
"·         chloe,lottie,""Ok, as long as he isn't forcing you into anything you don't want to do."", February 22 at 8:24am"
"·         lottie,chloe,No he isn't like that., February 22 at 8:28am"
"·         louise,lottie,How come you didn't go to swimming lessons this afternoon? Did you go home?, February 22 at 5:14pm"
"·         lottie,louise,""Yeah, I wasn't feeling too well."", February 22 at 5:34pm"
"·         jack,lottie,Hi babe. Hope you are ok. Don't let that guy talking about photos get you down. You know I love you and wouldn't do anything to hurt you don't you?, February 22 at 7:56pm"
"·         lottie,jack,""Yes I do, and I love you too."", February 22 at 8:01pm"
"·         jack,lottie,I want everything to be private between us. You are so special to me. Can we meet this weekend? Maybe I can meet your friends? You wanted me to a while ago didn't you? Then I can show them that I won't hurt you., February 22 at 8:06pm"
"·         lottie,jack,That would be great! Let's go bowling or something., February 22 at 8:09pm"
"·         jamila,lottie,Did you see those photos the boys in class were looking at earlier?, February 23 at 4:34pm"
"·         lottie,jamila,No...what were they?, February 23 at 4:36pm"
"·         jamila,lottie,""Photos of models in underwear. They were going on about how hot they look, and how they wished girls at school look like that. That's yucky!"", February 23 at 4:37pm"
"·         lottie,jamila,""Ew, yucky :/"", February 23 at 4:38pm"
"·         jack,lottie,I enjoyed our chat on the phone earlier. I want you to watch the video I text you a link to. Don't watch it with your mom or brother around! It shows what I want to do with you., February 23 at 8:45pm"
"·         lottie,chloe,Do you know any good websites that talk about safe sex and stuff?, February 23 at 9:01pm"
"·         chloe,lottie,""Maybe, I'll check. What do you want to know? I'm worried about you."", February 23 at 9:07pm"
"·         lottie,chloe,Nothing to worry about! I just need some info for biology class., February 23 at 9:11pm"
"·         chloe,lottie,Phew. You would tell me if something was going on wouldn't you?, February 23 at 9:14pm"
"·         lottie,chloe,Yep of course! =), February 23 at 9:17pm"
"·         jack,lottie,What did you think about that video? Do you want to get close to me like that? I love you so much. xxx, February 23 at 10:05pm"
"·         lottie,jack,It could be fun ;), February 23 at 10:35pm"
"·         jack,lottie,Can't wait to see you tomorrow gorgeous!, February 24 at 8:45am"
"·         lottie,jack,Me neither! Are you still ok with meeting my friends?, February 24 at 8:47am"
"·         jack,lottie,Yes as long as we can have some alone time in the evening ;) Do you want to come round to my house? My parents are going to be out., February 24 at 8:48am"
"·         lottie,jack,Yes maybe. I'll have to see if I'm allowed., February 24 at 8:51am"
"·         jack,lottie,You aren't still worried about those photos are you? You know you can trust me don't you?, February 24 at 4:12pm"
"·         lottie,jack,I know I can trust you...but I just feel funny about them. I hate the thought of other people looking at my body. I feel self-conscious now., February 24 at 4:22pm"
"·         jack,lottie,But you look amazing! You are the most gorgeous girl I have ever seen. I wish I could see you in real life like you were in those photos. We could do the stuff in the video tomorrow night. I love you. xxx, February 24 at 4:25pm"
"·         lottie,jack,I love you too., February 24 at 4:32pm"
"·         lottie,jack,""Today was really nice. My friends all really like you :) I'm really sorry I couldn't come round to yours tonight, but mom wants me to babysit again."", February 25 at 5:47pm"
"·         jack,lottie,""I had fun too. Don't worry about tonight. My parents are going on holiday soon, so maybe you can come round then?! Xxxx"", February 25 at 5:49pm"
"·         lottie,jack,Yep hopefully! xx, February 25 at 5:51pm"
"·         jack,lottie,""Hey babe, I heard about a really cool party on Friday night. Do you want to come?"", March 1 at 7:56pm"
"·         lottie,jack,What sort of party?, March 1 at 8:15pm"
"·         jack,lottie,""It's a party at my mate's house. It's going to be epic. I would like to take you, and show you off."", March 1 at 8:35pm"
"·         lottie,jack,Ok. Sounds fun., March 1 at 8:39pm"
